{"cameraMode":{"drawMode":0,"name":"Shaded","section":"Shading Mode"},"sceneLighting":true,"audioPlay":false,"sceneViewState":{"showFog":false,"showMaterialUpdate":false,"showSkybox":false,"showFlares":false,"showImageEffects":false,"showParticleSystems":true},"in2DMode":false,"pivot":{"x":-0.24043262004852296,"y":24.463512420654298,"z":-13.942512512207032},"rotation":{"x":-0.5616751313209534,"y":-0.0009989170357584954,"z":0.0006833990919403732,"w":-0.8273569941520691},"size":33.04050064086914,"orthographic":false}