{"cameraMode":{"drawMode":0,"name":"Shaded","section":"Shading Mode"},"sceneLighting":true,"audioPlay":false,"sceneViewState":{"showFog":false,"showMaterialUpdate":false,"showSkybox":false,"showFlares":false,"showImageEffects":false,"showParticleSystems":true},"in2DMode":false,"pivot":{"x":1.1404986381530762,"y":28.330368041992189,"z":-15.548068046569825},"rotation":{"x":-0.5616751313209534,"y":-0.0009989170357584954,"z":0.0006833990919403732,"w":-0.8273569941520691},"size":18.739328384399415,"orthographic":false}